Product Name,Price (LKR),Brand,Rating
Magsafe Wireless Charging Premium Back Cover For iPhone  7 to iPhone 15 Pro Max,599,No Brand,4.8227360308285165
CAMMY Transparent Back Cover For iPhone 17 16 15 14 13 12 11 Pro Max Air Mini Xs Max XR SE 2020 5s 6s 8 7 Plus Back Cover Silicone Shockproof With Camera Guard Protection Soft Clear Case For Boys Girls,591,No Brand,4.785476718403547
CAMMY OG Premium Silicone Case For iPhone 17 16 15 14 13 12 11 Pro Max Air X Xs XR SE 2020 6S 8 7 Plus Back Cover With Logo Super Luxury Textured Protective Silicon Case For Girls Boys,1481,No Brand,4.780728051391863
HOCE Metal Camera Bracket Magnetic Phone Cases For iPhone 17 16 15 14 13 12 Pro Max 15 16 Plus 11 MagSafe Case with Lens Film Ring Protector Clear Hard Back Soft Bumper Cover,1314,No Brand,4.892976588628763
CAMMY Clear Magsafe Magnetic Wireless Charging Case For iPhone 8 to 17 pro max Back cover 17 16 15 14 13 12 11 promax xs x 8 plus se 2 3 17pro 16pro 15pro 14pro 13pro 12pro 11pro se2 se3 i phone full protection Shockproof case,573,No Brand,4.828125
OG Premium Silicone Case For iPhone 6s 7 8 Plus X Xs SE 2020 11 12 13 14 15 Pro Max 16 16 Pro 16 Pro Max Back Cover With Logo Super Luxury Textured Protective Silicon Case For Girls Boys,750,No Brand,4.679611650485437
Luxury Magnetic Plating Clear Case For Magsafe Wireless Charging iPhone 11 12 13 14 15 16 17 Pro Max Air Plus Shockproof Cover,970,No Brand,4.7682926829268295
Magsafe Back Cover for iPhone 7-15 Series Slim Protective Case/cover,486,No Brand,4.863560732113145
Time is Money Printed Phone Case For iPhone 16E 16 15 14 13 12 11 Pro Max XS XR X 7 8 15 16 Plus SE2 Shockproof Silicone Cover,930,No Brand,5.0
iPhone 7/8/SE 2020 Liquid Silicone Case - Luxury Comfortable Grip with Apple Logo,446,No Brand,4.948529411764706
CAMMY Clear Magsafe Magnetic Wireless Charging Case For iPhone 17 16 15 14 13 12 11 Pro Max Air SE 2020 Back cover Transparent Ultra Shockproof Protective CMG Phone Case For Girls Boys New Backcover,981,No Brand,4.826923076923077
SPC Shockproof Clear Case For iPhone 17 16 15 14 11 12 13 Pro Max Mini Plus X Xs Max Xr 8 7 Plus SE 2020 6 6s Back Cover Transparent Silicone Full Camera Lens Covered Protection Soft Bumper Case For Girls For Boys Cute New Luxury iPhone Back Cover,585,No Brand,4.824806201550388
Original Liquid Silicone Phone Case For  iPhone 11 13 12 14 15 16 Pro Max Plus 16E Cases Shockproof Protective Back Cover,804,No Brand,4.724137931034483
Luxury Magnetic Wireless Charging Case Compatible for IPhone 17 16 13 15 14 Pro Max 17 Air 15 14 13 Pro Fashion Solid Color Orange Glass Matte Shockproof Cover,983,,4.913043478260869
Angel Eye Cover Compatible for IPhone air 17 16 11 13 8 7Plus XR 12 14 15 Pro Max 8 6 7 15 6S Plus X XS Max SE 2020 Colorful Trendy Brand Fashion Icons Couple Soft Case,707,,4.697802197802198
Full Covered Shockproof Case For iPhone 17 16 15 14 13 12 11 Pro Max Mini X Xr Xs Max 6 6s 8 7 Plus Lens Protection Transparent Silicone Clear Back Cover Case For Boys For Girls New,681,No Brand,4.836032388663968
Romance Pearl Bowknot English Tag Casing Compatible for IPhone 17 16 15 11 14 13 12 Pro Max 7Plus XR XS Max X 15 7 8 Plus Fashion Loving Heart Make Up Mirror Puff Luxury Bracelet Case,748,,4.651515151515151
HOCE Candy Color Magnetic Phone Cases For iPhone 17 16 15 14 13 12 11 Pro Max Plus 17 Air MagSafe Case 2 in 1 Matte Back Soft Cover,989,No Brand,4.902912621359223
Soft Matte Gray Leather Heart Silicone Phone Case For iPhone 15 14 16 Pro Max Plus 11 12 13 Mini X XS XR Back Cover Funda,854,No Brand,4.902439024390244
Luxury Candy 2 IN 1 For Magsafe Matte Case For iPhone 17 16 15 14 13 12 11 Pro Max Magnetic Wireless Charge Bumper Cases Cover,1027,No Brand,5.0
Luxury For Magsafe Magnetic Wireless Charge Case For iPhone 17Air 11 12 13 14 15 16 17 Pro Max Plus Transparent Hard Back Cover,868,No Brand,4.787878787878788
Luxury Silicone Case For iPhone 6s 7 8 Plus X Xs SE 2020 11 12 13 14 15 Pro Max Back Cover With Logo Super Luxury Textured Protective Silicon Case For Girls Boys New back Cover,1250,No Brand,4.155555555555556
Illusory Color Chinese Dragon Silicone Phone Case For iPhone 15 Cases iPhone 14 13 12 11 Pro Max XS X XR 7 8 Plus 15 Soft Cover,908,No Brand,4.8283582089552235
Fashion Silicone Fold Wrinkle Phone Case For iPhone 14 13 12 11 15 Pro Max SE X XS XR 8 7 Plus Soft Candy Color Full Cover,681,No Brand,4.688311688311688
HOCE Camera Holder Magnetic Phone Cases For iPhone 17 16 15 14 13 12 11 Pro Max 14 15 16 Plus 17 Air MagSafe Case Armor Shockproof Soft Silicone Logo Hole Back Cover,1323,No Brand,4.71830985915493
Macaron Candy Doodle Flowers Love Heart Bracelet Case Compatible For IPhone Air 16 17 11 12 14 13 15 Pro Max 8 15 7 Plus XR X XS Max SE 2020 Cute Bear Rabbit Luxury Mirror Make Up Cover,710,,4.7
Luxury Magnetic Wireless Charging Case Compatible for IPhone 16 17 13 15 14 Pro Max 17 Air 15 14 13 Pro Fashion Solid Color Orange Glass Matte Cover,1219,Caseunicorn,5.0
OG Premium Silicone Case For iPhone 17 16 15 14 13 12 11 Pro Max Air X Xs 6s 7 8 Plus Back Cover With Logo Super Luxury Textured Protective Silicon Case For Girls Boys,1395,No Brand,4.806861499364676
Fantasy Cute Cartoon Bow Painting Glossy Case Compatible for IPhone Air 17 11 16 15 14 13 12 Pro Max 15 13 12 16 Pro 16 15 14 Plus Luxury Water Wave Wrinkle Soft Cover,736,,4.739130434782608
Olige Case For iPhone 16 15 14 Plus 13 12 11 Pro Max Xs Max X XR 8 7 6 6s Plus SE NASA Astronaut Camera Protection Soft Silicone Soft Phone Case Back Cover,987,,4.758118701007839
Super Luxury Soft textured Protective Apple Silicone Case Back Cover for apple iPhone 7 Plus / 8 Plus,699,No Brand,4.743119266055046
MagSafe Wireless Charging Transparent Case for iPhone Magnetic Clear Back Cover Protective Slim TPU Design,349,No Brand,4.925170068027211
Trendy Brand Cool Comic Boy Soft Case Compatible for IPhone 17 16 11 7Plus 13 14 11 15 12 Pro Max 7 8 14 Plus XR X XS Max SE 2020 Luxury Plating Metal Lens Graffiti English Label Cover,763,,4.782805429864253
HOCE Soft Matte Magnetic Phone Cases For iPhone 17 16 15 14 13 12 11 Pro Max Plus Air MagSafe Case Wireless Charge Shockproof Frsoted Back Cover,933,No Brand,4.8604651162790695
Retro Oil Painting Phone Case For iPhone 13 14 15 16 ProMax 12 11 Luxury Flower Print Shockproof Silicone Cover Artistic Decor,1128,No Brand,4.87378640776699
Luxury For Magsafe Transparent Case For iPhone 17 16 15 14 13 12 11 Pro Max Plus Magnetic Wireless Charge Back Cover Clear Cases,888,No Brand,4.6923076923076925
Fashionable Cherry Blossom Printed Phone Case For iPhone 13 11 12 14 15 16 Pro Max Plus 16E XR 8 7 Plus X XS Max Anti Fall Cover,913,No Brand,5.0
Large Kong Kevlar Carbon Fiber Stripe Texture Hard PC case for iPhone 17 Air 16 15 14 Plus 13 12 ProMax 11 Shockproof Back Cover,1307,No Brand,4.5
Magsafe Back Cover for iPhone 7-14 Series Slim Protective Case/cover,245,No Brand,4.85
iEgle Magsafe Magnetic Wireless Charging Case For iPhone 16 to 17 pro max Back cover 17 16 promax  17pro 16pro i phone full protection Shockproof case Apple iPhone black clear backcover,890,No Brand,5.0
Clear Case For Samsung A03s A04 A05s A06 A07 A10s A11 A12 A13 A14 A15 A16 A17 5G A20 A30s A21s A22 4G A23 A24 A25 A26 A32 A33 A34 A35 A36 A50 A51 A52 A54 A55 A56 M02s M13 M14 M21 M31 M32 S7 Edge S8 S9 Plus S10 S20 FE S21 S22 S23 S24 S25 Ultra Back Cover,591,No Brand,4.821558630735615
Olige Case For Samsung Galaxy A01 A02S A03S A04 A05S A06 A07 A10S A11 A12 A13 A14 A15 A16 A17 A20E A20S A21S A22S A23 A24 A25 A26 A30 New Flap Retro Card Insert Wallet Leather Case Phone Case Back Cover,1259,,4.9298245614035086
Cammy Soft Silicone Case For Samsung Galaxy A06 A15 A16 A25 A26 A35 A36 A55 A56 A01 M01 Core M02s A03s A05s A10s A12 A13 A14 A20s A30s A22 4G A23 A24 A32 M32 A04s A04e A21s A50 A52s A54 M31 M21 Back Cover Rubber Camera Protective For Girls Boys Cute New,591,No Brand,4.802289281997919
"Transparent Case for iPhone 11 12 13 14 15 16 17 Pro Max Plus iPhone 17 Air iPhone X XR XS MAX Shock-Absorbing, Slim Design, Non-Slip Grip, Premium Protection, Multiple Color Options,Jelly Case with Magnetic Wireless Charging",959,No Brand,4.866666666666666
Liquid Silicone Phone Case back cover for Samsung Galaxy A10 M10 A11 A12 A14 A15 M15 A16 A02 M02 A02s M02s A03 A03s A04 A04s M04 A04E A05 M05 A05s A06 A33 A32 4G A34 M34 A35 M35 A50 A50s A30s A54 M55 A55 A56 A20 A30 A20s M21 A22 M32 M23 A24 A25 A71 A72,420,No Brand,4.846547314578005
High Quality Shock Proof Samsung galaxy A04 / A04E  / A05s / A05 / M05 / F05 / A06 / A15 / A16 / A17 / A25 / A26 / A35 5G / A36 / A54 5G /A55  / A56 / M04 / F04 Transparent / Clear Back Cover / Back Case,344,No Brand,4.938461538461539
Case for infinix hot 50 60 pro plus HOT 50 60 60i 5G back cover Softcase Silicone shockproof Cover new design aesthetic clear with Magnetic Wireless SJBSWX11,507,No Brand,4.7846153846153845
CAMMY Shockproof Protective Case For iPhone 17 16 14 15 13 12 11 Pro Max Mini X Xs Max Air XR 7 Plus SE 2020 8 6s 6 5 5s Clear Back Cover Bumper Case For Girls Boys TB Cute New iPhone Back Cover,581,No Brand,4.7288461538461535
Thickbaloon ShockProof Transparent Soft Back Cover For Vivo Y97,410,No Brand,4.0
Premium Tempered Glass - For iPhone 17 16 15 14 13 12 11 Pro Max Mini Air Xr Xs Max 6 8 7 Plus Full Glue Edge to Edge Screen Protector,671,No Brand,4.796143250688705
BLKNAIM (4-in-1) NEW For Tecno camon 40/Tecno camon 40pro Case Acrylic Mobile Phone case + tempered glass film for Tecno camon 40 + Carbon Fiber Back Film + Lens Film,798,,4.771739130434782
Premium Tempered Glass Screen Protector For iPhone 17 16 15 14 13 12 11 Pro Max Mini Plus X Xs Max Air  XR 8 6 6s 7 Plus Tempered Glass Black White Frame Super D Shining Edge Film Full Glue iPhone Screen Protectors,771,No Brand,4.916299559471366
"Transparent Case for Samsung Galaxy A16 A26 A36 A56 A06 A15 A25 A35 A55 A54 A17 A07 A05S A05 Shock-Absorbing, Slim Design, Non-Slip Grip, Premium Protection, Multiple Color Options,Jelly Case with Magnetic Wireless Charging",1005,No Brand,4.911764705882353
Google pixel 3 3A 4 4A 4A 5G 4 XL 5 5A 5G 6 6A 6 Pro 7 7A 7 Pro 8 8 Pro 9 9 pro 9 Pro XL 8A 3A XL Air Cushion Clear Transparent Case Soft TPU Rubber Silicone Cover,349,No Brand,4.740259740259741
Luxury Plating Couples Phone Case Compatible for IPhone air 17 16 15 14 13 11 12 Pro Max 7Plus 8Plus 6 15 6S 8 7 Plus XR XS Max SE 2020 X Trendy  Cover,739,Caseunicorn,4.466666666666667
iPhone iPhone XR 11 12 13 14 15 16 pro max back cover Transparent Full Clear TPU Silicone Case For iPhone Ultra Slim Thin Back case Cover Transparent flexible Cases For apple iPhone XR 11 12 13 14 15 16 pro max iphone X Safety soft Case back cover,399,No Brand,5.0
Shockproof Transparent Clear Soft Case For Samsung Galaxy A05 A06 A07 A17 A16 A15 A04 A04S A04E A14 A24 4G A34 A54 5G Silicone Back Cover for Samsung M54 5G M14 M04,499,No Brand,4.521739130434782
Shockproof Thick Transparent Soft Case For Redmi 8,410,No Brand,5.0
Samsung S8 Luxury Transparent Shockproof Silicone Case Back Cover,350,No Brand,5.0
Olige Case For Samsung Galaxy A30S A31 A32 A33 A34 A35 A36 A40 A41 A42 A50 A51 A52 A53 A54 A55 A56 A70S A71 A72 A73 A82 A90 New Flap Retro Card Insert Wallet Leather Case Phone Case Back Cover,1229,,4.864864864864865
TECNO POP 7 / SPARK GO 2023 Soft matte liquid silicone case for Tecno pop 7 / spark go 2023,399,No Brand,5.0
Samsung S23 FE 5G Phone Casing for Samsung Galaxy S24 S23 S22 Ultra S24+ S23+ S22+ S21 FE A12A05 A04 A03 S A55 A35 A25 A15 A54 A34 A24 5G 4G Shockproof Case Soft TPU Back Cover,572,No Brand,4.684210526315789
Transparent Magnetic Wireless Charging Jelly Case for Samsung Galaxy S26 S25 S24 S23 S22 S21 Ultra S26+ S25+ S24+ S23+ S22+ S21+ S24 FE S23 FE S21 FE edge Shockproof Clear Cover,955,No Brand,5.0
Luxury Leather Deer Phone Case for Google Pixel 7 7A 8 8A 9 9A 10 Pro XL For Magsafe Magnetic Wireless Charging Back Cover,1293,No Brand,4.915254237288136
Biruiqu For Realme 8 Case Liquid Silicone Soft Gel Rubber Shockproof Cover,1049,,4.7555555555555555
Shopila Huawei P9 Lite Flexible Rubber Super Slim Comfort Rubber Grip Fit Magic Silicone TPU Case for Huawei P9 Lite,432,No Brand,5.0
Olige Case For Samsung Galaxy S9 Plus S10E S10 Lite S20 FE S20 Plus S20 Ultra S21 FE S21 Plus S21 Ultra S22 Plus S22 Ultra S23 Plus S23 Ultra S23 FE S24 Ultra S24+ S24 FE S25+ S25 Ultra S25 Edge New Flap Retro Card Insert Wallet Leather Case Phone Case,1294,,4.837209302325581
Vintage Art Small Flower Butterfly Phone Case Compatible for IPhone Air 17 16 7Plus 16 15 14 13 11 12 Pro Max 7 8 Plus XR XS Max X 8Plus Cartoon Fresh Floret Luxury Plating Metal Lens Soft Cover,762,Caseunicorn,4.873684210526315
Luxury Magsafe Case For iPhone 17 16 15 14 13 12 11 Pro Max SE 2020 Back Cover Wireless Charging Back Cover Transparent Magnetic Build-in Lens Camera Protection Backcover,1491,No Brand,4.776685393258427
UCUC for Infinix Note 50 4G Note 50 Pro 4G Back Cover Dark Illustration Soft Silicone Square Ladder Phone Case,855,,4.9655172413793105
BLKNAIM (4-in-1) NEW For TECNO Camon 40 Premiere 5G/TECNO Camon 40 Pro 5G/TECNO Camon 40 Case Four corner anti drop transparent phone case + tempered glass film+Carbon Fiber Back Film+Lens Film,990,,4.454545454545454
Buy 1 Get 1 FREE iPhone Tempered Glass For iPhone 11 12 13 14 15 Pro Max Mini X Xr Xs Max 8 6 6s 7 Plus Screen Protector Black Frame MTB Temperd Glass Edge to Edge Full Covered Screen Protector Film,591,No Brand,4.845323741007194
Simple Frosted Skin Feel Matte Phone Case For Google Pixel 10 9 Pro XL 8 7 6 A/Pro PC Slim Drop-Proof Full-pack Protection Cover,1290,No Brand,5.0
4In1 Infinix Note 50 Case Magnetic Sticker Shockproof Phone Case for Note50 50Pro Note50Pro 50Pro+ Note50X Anti-Spy Privacy Ceramic film+back film,241,No Brand,4.8108108108108105
HOCE Luxury Frosted Magnetic Phone Cases For iPhone 17 16 15 14 13 12 11 Pro Max 14 15 16 Plus MagSafe Case Lens Film Matte Hard Back Soft Bumper Cover,1235,No Brand,4.810169491525424
Olige Case For iPhone 11 12 13 14 15 Pro Max X XR XS Max 14 15 Plus New cartoon cute Stitch silicone wave edge thickening fall prevention Phone Case Back Cover,1238,,5.0
Carbon Fiber Magnetic Charge Protection Phone Case For Magsafe iPhone 17 Air 16 15 PM 14 Plus 13 12 11 Pro Max Hard PC Cover,1487,No Brand,5.0
NORVIK For VIVO Y17s Phone Case Lens Protection Casing Solid Straight Edge Liquid Silicone Soft TPU Back Cover with Lanyard N26-D2,990,No Brand,4.625
For Google Pixel 10 8 9 Pro XL 8a 7 Pro 7a phone cases shockproof soft bumper back cover For Pixel 6 10 Pro 6a case accessories,911,No Brand,4.8
Wallet Card Holder Clear Soft Case For iPhone 11 13 12 14 15 16 Pro Max 17 Air X XSMax XR 16promax Transparent Card Slots Cover,694,No Brand,4.931818181818182
Case For Motorola Moto E13 4G Cover Wallet leather flip phone case + TPU back cover card case magnetic protection cover,2750,No Brand,5.0
Clear Shockproof PC+TPU Magsafe Case For Google Pixel 10 9 Pro XL 8 7 6 Pro 9a 8a 7a 6a Frosted Magnetic Wireless Charging Cover,1469,No Brand,4.944954128440367
【Self-contained Phone Holder】Olige Case For iPhone 12 13 14 15 16 17 Pro Max 14 15 16 Plus New soft cartoon doll all-in-one Stitch holder Phone Case Back Cover,1403,,4.977528089887641
(Free Tempered Glass)Biruiqu For Sony Xperia 10 Mark 2 Xperia 10 II Shockproof Anti Slip Soft TPU Sandstone Matte Back Case Cover,1208,,4.8125
Pixel 4A 5G Hard Transparent Case Clear Silicone TPU Back Cover For Google Pixel 4A 5G,999,No Brand,4.4
HOCE Luxury Shockproof Hard Acrylic Cases For iPhone 17 16 15 14 13 12 11 Pro Max XS X XR 7 8 16 Plus SE 2022 Case Soft Silicone Bumper Clear Back Phone Cover,976,No Brand,4.809523809523809
Luxury Magnetic Wireless Charge For Magsafe Case for iPhone 16 15 14 Plus 13 12 11 Pro Max Shockproof Transparent Bumper Cover,900,No Brand,4.621052631578947
Olige Case For iPhone 14 Plus 15 13 12 11 Pro Xs Max X XR 8 7 6 6S Plus SE Trend NASA Astronaut Shockproof Silicone Soft Phone Case Back Cover,987,,4.764705882352941
TPU Protective Phone Case For TCL 30SE/30E/306/305/Sharp Aquos V6/V6 Plus Cute Soft case Fashion Design Phone Protector,494,No Brand,5.0
(4 in 1)Matte Black Phone Case For Infinix Hot 50 Pro+ plus shockproof Casing + Tempered glass screen protective film + Camera Lens Film + carbon fiber back film,899,No Brand,4.525
Colorful Trendy Brand Fashion Icons Couples Angel Eye Case for Redmi 13C 10 12C 9C 12 9 10C 10A 9T 9A A1 POCO M3 C55 Note 11 12 10 10s 9 8 Pro Max Mi 12 11 Lite Angel Eye Cover,709,,4.761904761904762
Lovely Animals Case Compatible for iPhone Air 16 17 15 11 12 14 13 Pro Max 15 7 8 Plus XR X XS Max Cute Sanrio Kuromi Melody Cinnamoroll Hello Kitty Shockproof Plating Metal Lens Soft Cover,746,Caseunicorn,4.9
New Fashion Glitter Diamond Transparent Case For iPhone 16 15 14 13 17 12 Pro Max 16 Plus Magnetic Wireless Charge Bumper Cover,1386,No Brand,5.0
Soft Matte Candy Transparent Phone Case For iPhone 16 15 14 Pro Max Plus 13 12 11 XR XS XsMax 8 Shockproof Silicone Bumper Cover,650,No Brand,4.762711864406779
Luxury Cloth Leather Deer Head Pattern Case for iphone 15 14 13 12 11 Pro X XR XS Max 7 8 Plus Shockproof Soft Back Shell Cover,1105,No Brand,4.966666666666667
Shockproof Silicone Soft Case For  Moto G14 G34 G54 G54(Brazil) G84 5G G04 G24 Power G10 G20 G30 Clear Thick Back Cove,820,No Brand,4.894736842105263
Oriental Style Happy Chinese Dragon Totem for Apple IPhone 13 14 15 Pro Max 12 11 Pro 7 8 Plus SE2 XR X XS MAX Shockproof Cover,945,No Brand,4.631578947368421
Liquid Silicone Soft Phone Cases For IPhone 16e Case iPhone 16 15 13 14 11 12 Pro Max XS Max 7 8 Plus SE 2020 Back Bumper Cover,754,No Brand,4.470588235294118
Luxury Silicone Fold Wrinkle Phone Case For iPhone 15 Plus 13 12 11 14 Pro Max X XR XS MAX 8 7 SE Soft Candy Color Full Cover,741,No Brand,4.825396825396825
For iPhone 16 15 14 13 12 11 Pro Max 16 Plus Magsafe Wireless Charge Hard Back Cover New iphone 17 ProMax Magnetic Clear Case,918,No Brand,5.0
BLKNAIM (4-in-1) NEW For Redmi 13 Case Mobile Phone case + Anti blue light Ceramic Film + Carbon Fiber Back Film + Lens Film,799,,4.741935483870968
Shockproof Case For Redmi 15 15C 14C Note 15 14 13 12 Pro 8 10 11 12C 13C 13R 9A 9S 9C 9T 10A 10S 11S 10C Plus Poco M3 X3 NFC X4 M4 M6 A1 A2 A3 4G 5G Back Cover Clear Transparent Silicone Case Soft Bumper Camera Protection Cute Design For Girls Boys New,681,No Brand,4.778864970645793
Fashion Retro Cartoon Cool Leopard Print Tag Case Compatible for IPhone Air 17 16 15 13 11 12 14 Pro Max XR 7Plus XS MAX X 16 8 7 15 14 Plus SE 2020 Luxury Bracelet Feather Yarn Soft Case,750,Caseunicorn,4.681818181818182
Case for honor X8C X6C X8B 5G X8A 5G X6B X6A x7a x7b x7c x5b x5 plus 5G back cover shockproof Cover new design aesthetic Wireless Magnetic Attachment with lanyard JTDTGSBS01,810,No Brand,4.844444444444444
Samsung galaxy S10 Luxury Soft Matte Liquid Camera Protection Silicone Case Back Cover for Samsung galaxy S10,599,No Brand,2.5
Case for huawei nova 3i huawei nova3 i phone casing Softcase Silicone shockproof back Cover new design aesthetic JTMMZJ01,499,No Brand,5.0
Magsafe Wireless Charging Back Cover for iPhone 11 12 13 14 15 Magnetic Case Compatible with MagSafe Chargers,396,No Brand,4.802985074626866
Jizetin for Samsung A05S A06 A15 A02S M02S A03S A04S A10S A11 A12 A13 A14 A16 Back Cover Purple Flower Butterfly Macaron Bright Color Wavy Shape Soft Mobile Phone Cases,928,,4.869565217391305
Cammy Silicone Case For Samsung Galaxy A05 A06 A14 A15 A16 A24 A25 A26 A34 A35 A36 A54 A55 A56 M14 M15 M34 M35 M54 M55 A04s A04e A05s Back Cover Camera Protective Soft Case For Girls Boys Cute New Backcover,651,No Brand,4.612903225806452
Gradient Little Love Heart Fashion Case For iPhone 14 15 13 Pro Max SE 7 8 Plus X XR XS 11 12 Mini Silicone Leather Full Cover,847,No Brand,4.954545454545454
Samsung Galaxy MAgsafe Case | S22 | S22 Ultra | S23 | S23 Fe | S23 Ultra | S24 | S24 Fe | S24 Ultra | A06 | A15 | A16 | A25 | A26 | A54 | A35 | A55 | A36 | A56 | S21 | S21 Ultra | S21 Plus | S21 Fe,750,No Brand,4.910256410256411
Fantasy Romance Butterfly Cartoon Graffiti Case Compatible For IPhone Air 16 17 7Plus XR 13 11 14 15 12 Pro Max 8 15 7 Plus X XS Max SE 2020 Shiny Flower Luxury Bracelet Make Up Mirror Cover,786,Caseunicorn,4.6
Luxury Knitting Pattern Case For iPhone 11 12 13 14 15 16 Pro Max X Xs XR Max Plus Bumper Soft Silicone Phone Cases Cover,808,No Brand,5.0
For Tecno Camon 40 Pro Case Armor Ring Adsorb Car Holder Shockproof Camera Protection Cover For Tecno Camon40 Pro Back cover Phone Cases,1766,,5.0
Olige  Case  For iPhone 11 12 13 14 15 16 Pro Max Fashionable and minimalist sliding window three-dimensional ear sweating bear and biscuit bear phone case back cover,1231,,4.875
MOTOROLA G35 Shockproof Transparent Back cover for MOTOROLA G35,496,No Brand,
Luxury Liquid Silicone Back Cover For Samsung Galaxy M32 5G M13 4G M13 5G M10 M20 M11 M21 M31 M02 Phone Case,550,No Brand,4.094202898550725
UCUC for iPhone 11 12 13 Mini 14 15 Pro Max 5S 6S 7 8 Plus SE 2020 XS Max XR Back Cover Dark Knight Ladder Camera Soft Rubber Phone Case,878,,5.0
Luxury Candy Color Magnetic For Magsafe Case For  S22 S23 S24 FE S25 Ultra Plus Edge Clear Shockproof Bumper Back Cover,996,No Brand,4.7560975609756095
Phone case For Samsung Galaxy A17 Back cover Hard Armor Shockproof Camera Protection Bracket Navigation Holder Ring cover for For Samsung A17 Cover cases,1721,No Brand,5.0
Cammy Huawei Honor 400 5G Shockproof Clear Case - Transparent Protective Clear Back Cover Silicone Bumper Soft Case For Girls Boys Cute New,690,No Brand,5.0
Soft Silicone case for Redmi Note 12 4G,599,No Brand,5.0
Magnetic Luxury Matte Translucent Armor Shockproof Case For iPhone 16 15 14 13 12 17 Pro Max Plus Magsafe Wireless Charge Cover,1035,No Brand,4.836448598130841
Full Cover Protective Glass For iPhone 16 15 14 13 12 11 Pro Max Mini X Xr Xs Max Tempered Glass Full Glue Shining Screen Protector (1-2 days delivery),571,No Brand,4.7888
iPhone XR Luxury High Quality Highly Comfortable Grip Liquid Silicone Case phone Logo embedded case For iPhone Stylish 2023 all new Design Phone Cover For Apple back cover multicolor iPhone XR,367,No Brand,5.0
BLKNAIM (4-in-1) NEW For VIVO V40E 5G Case Mobile Phone case + tempered glass film for VIVO V40E  + Carbon Fiber Back Film + Lens Film,1109,,4.8
Shockproof Silicone Clear Case for iPhone 15 14 13 12 Mini 11 Pro XS Max X XR 6 6s 7 8 Plus Protection Back Card Pocket Cover,738,No Brand,4.945945945945946
Sunset Coconut Tree Landscape Painting Graffiti Case Compatible For IPhone air 17 7Plus 16 15 11 14 13 12 Pro Max XR 8 6 7 15 6S Plus SE 2020 X XS Max Art Retro Photos Angel Eye Soft Cover,745,,4.764705882352941
Vintage Graffiti Lattice Colorful Flowers Case Compatible for IPhone XR Air 17 16 12 11 15 14 13 Pro Max X XS Max 8 7 15 14 16 Plus SE 2020 Luxury Electroplated Frame Cover,727,,4.2105263157894735
Shockproof Clear Case For Samsung Galaxy A13 A23 A32 A33 A52 A53 A72 A73 M23 M32 4G M52 5G Transparent Protective Back Cover Silicone Bumper Soft Case For Girls Boys Cute New,692,No Brand,4.85
Biruiqu For Sony Xperia XZ3 Shockproof Anti Slip Soft TPU Sandstone Matte Back Case Cover,1022,,4.714285714285714
Olige For Oneplus Nord CE 3 Lite Liquid Silicone Macaron Candy Color TPU Falling and shockproof Soft Phone Case Shell Protector Back Cover,951,,5.0
For  Blade V50 Design 4G Smart Shockproof Airbag Phone Case For  Axon 50 Lite Transparent Soft Silicone Back Cover Fundas,1001,No Brand,4.844444444444444
Trend Brand Anime Pokemon Funny Gengar Compatible for IPhone AIr 17 16 15 11 13 12 14 Pro Max XR 7Plus X XS Max 6 15 7 8 6S Plus SE 2020 Cartoon Graffit Letter Angel Eyes Soft Cover,805,,4.4907407407407405
OG Premium Silicone Case For iPhone 17 Air 16 15 14 13 12 11 6s 7 8 Plus X Xs SE Back Cover With Logo Luxury Protective Silicon Case For Girls Boys,1471,No Brand,4.84251968503937
iPhone 16 Plus Shockproof Phone Case for iPhone 16 15 14 13 12 11 Pro Max 8 7 6 6s Plus 13 12 Mini X XS Max XR SE 2022 Transparent Acrylic Casing TPU Soft Anti-fall Back Cover,393,No Brand,4.633333333333334
Samsung Galaxy A05 Shockproof Case - Transparent Protective Clear Back Cover Silicone Bumper Soft Case For Girls Boys Cute New,682,No Brand,4.787878787878788
Silicone Dirt-resistant Phone Case For Nokia C32 Anti-knock TPU Waterproof Shockproof Cute Fashion Design Cover Durable,494,No Brand,5.0
Liquid Silicone Soft Phone Case for Original Google Pixel 10 9 Pro XL 9 8 7 6 A Wireless Charger Shockproof Protect Back Cover,1460,No Brand,4.827586206896552
Cool Graffiti Letters Luxury Plating IMD Case Compatible for IPhone Air 17 16 15 11 14 12 13 Pro Max 7Plus X XR XS Max 7 15 14 8 Plus SE 2020 Trendy Cute Smiley Cover,750,,4.608695652173913
Fashion Brand Cool Spider-Man Eyes Case Compatible For IPhone Air 17 16 13 15 7Plus 14 12 11 Pro Max 8 6 7 6S Plus X XR XS MAX SE 2020 Cartoon Couples Angel Eyes Shockproof Soft Case,763,Caseunicorn,4.571428571428571
"Infinix Hot 60 Pro Plus 4G Wallet Phone Case with RFID Blocking Credit Card Holder, PU Leather Flip Folio Case Wallet with Kickstand Protective Case for Infinix Hot 60 Pro Plus 4G/X6880",991,No Brand,5.0
For Redmi 15C 4G Case Armor Ring Adsorb Car Holder Shockproof Camera Protection Cover For Redmi 15C 5G Back cover Phone Cases,1766,,4.9523809523809526
HOCE Soft Matte Magnetic Phone Cases For Samsung Galaxy S26 S25 S24 S23 Ultra Plus FE S22 Ultra A26 A06 A16 A36 A56 A34 A05S A35 A25 A54 A15 M12 Case Shockproof TPU Cover,1096,No Brand,4.75
Olige  Case For iPhone 11 12 13 14 15 16 17 Pro Max 14 15 16 Plus 17 Air New Premium Feeling Frosted Skeleton Flame Heat Dissipation Phone Case Back Cover,1133,,4.8076923076923075
Super Luxury Soft textured Protective Silicone Case Back Cover for iPhone 11,699,No Brand,4.7370030581039755
Sroof Case For iPhone 13 14 15 16 Pro Max New three-dimensional ears sliding window cute pinch face Kitty Phone Case Back Cover,1235,No Brand,4.775
Samsung Galaxy A54 Shockproof Case - Transparent Protective Clear Back Cover Silicone Bumper Soft Case For Girls Boys Cute New,671,No Brand,4.9787234042553195
Sroof Case For iPhone 11 12 13 14 Pro Max Fashion Simple Cute Animal Panda Bamboo Oval Edge White Airbag Shockproof Silicone Soft Phone Case Back Cover,1291,No Brand,4.448275862068965
ANS Samsung Galaxy S25 Ultra S24 S23 S22 S21 S20 FE 5G S10 S9 S8 Plus S7 Soft Silicone TPU Case with anti-shock protection hardy edges fully transparent cover bumper case For Samsung Galaxy Note 8 9 10 Samsung Galaxy S25 Ultra S24 S23 S22 S21 S20 FE 5G S1,499,No Brand,4.875
Biruiqu For Samsung Galaxy M32 Shockproof Anti Slip Soft TPU Sandstone Matte Back Case Cover,1338,,4.7
Infinix Note 50 Ceramic Tempered Glass Film for Infinix Note 40 Hot 50 4G 5G 3in1 Front Glass Back Film Camera Lens Protector,322,No Brand,4.086206896551724
Torofy Samsung A03 Core Flexible Rubber Super Slim Comfort Rubber Grip Fit Magic Silicone TPU Case for Samsung A03 Core,253,No Brand,5.0
Original Liquid Silicone Case For iPhone 15 14 11 13 12 Pro Max Mini XR X XS 8 7 6 Plus Luxury Phone Cases Shockproof Soft Cover,895,No Brand,4.745454545454545
Google pixel 5 Clear Shockproof Transparent Back cover Thick Air-Bag Clear Phone Case For Google Pixel 3 4 5 6 7 8 910 Pro XL Case Pixel 6A 7A 8A 9A Shockproof Cover Coque,550,No Brand,4.738095238095238
Ultra Slim Soft Silicon Case For OPPO A5 2020 / A9 2020 Matte TPU Rubber Back Cover,299,No Brand,4.678571428571429
Perfect iPhone Back Coloured Hardy Anti Scratch Protector Strong 9H Tempered Glass For iPhone 11 11 Pro 11 Pro Max 12 12 Mini 12 Pro 12 Pro Max 13 13 Pro 13 Pro Max 14 14 Plus 14 Pro 14 Pro Max 6 6 Plus 7 7 Plus X XR Xs Max,1167,No Brand,4.741573033707865
Lover Heart Design Soft Silicone Case For iPhone 16 15 14 13 12 11 Pro Max XS X XR 7 8 Plus SE 2022 2020 Shockproof Bumper Cover,943,No Brand,5.0
Clear Shockproof Case For iPhone X Xs Xr Xs Max 17 16 15 14 13 12 11 Pro Max Mini 5 5s 6 6s SE 2020 7 Plus Back Cover Soft Silicone Bumper iPhone Case For Boys Girls Cute New Design,671,No Brand,4.582417582417582
Anti-knock Anti-dust Phone Case For ZTE Blade A73 4G/V50 Smart/V50 Design 4G/Axon50Lite Back Cover Graffiti Full wrap,496,No Brand,5.0
Case For iPad 10th Generation 2022 Funda For Ipad Air 5 4 10.9 Mini 6 10.2 7th 8th 9th Pro 11 12.9 2022 2021 Cover Accessories,2819,No Brand,5.0
Trendy Transparent Vintage Fashion Cool Cute Stitch Soft Tpu Chain Case Compatible for IPhone 15 16 XR 11 13 14 12 Pro Max X XS Max 14 16 7 8 15 Plus 7Plus SE 2020 Soft Back Cover,700,,4.75
For Honor X9D 5G 2025 3in1 Phone Case Clear Transparent Casing HonorX9D Shockproof Soft TPU Simple Tempered Glass Screen Protective Film Camera HD 9H Lens Back Cover,620,No Brand,4.521739130434782
HODON Shockproof Armor Slide Camera Protection Phone Case For Samsung Galaxy S26 S25 S24 Ultra S23 S22 Plus S21 A54 5G A13 A15 Cases Rotating Stand Holder Magnetic Back Cover,1475,No Brand,5.0
Luxury Plating Matte Transparent Magnetic Wireless Charge Case For iPhone 13/14/15/16/17 Pro Max Air Plus Shockproof Clear Cover,912,No Brand,4.6
HMD Crest TA-1646 Case Air Cushion Shockproof Clear Airbag Silicone Soft TPU Back Cover Case for HMD Crest HMDCrest 5G TA-1646,930,No Brand,4.777777777777778
Redmi 13C Shockproof Phone Case for Xiaomi Redmi 12 12C 10 10C 10A Note 12 12s 11 11s 10 10s 9 Pro Plus POCO C65 C40 F5 Pro F3 Phone Casing TPU Soft Anti-fall Back Cover,432,No Brand,4.775510204081633
Luxury 2 IN 1 Magnetic Shockproof Case for iPhone 17 Pro Max Air 16 15 14 Plus 13 12 11 Liquid Silicone Magsafe Bumper Cover,1116,No Brand,4.411764705882353
Ultra Thin Clear Silicone Case For iPhone 16 15 14 13 12 11 Pro Max Mini XR XS 7 8 Plus SE 2020 2022 Transparent Soft Back Cover,629,No Brand,5.0
Luxury Clear Silicone Phone Case For iPhone 16 15 14 13 12 11 Pro Max XR X XS 7 8 Plus Shockproof Transparent Bumper Back Cover,793,No Brand,4.638297872340425
"Phone cover Waterproof Cover Pouch Bag Cases Water proof Phone Case Sealed Transparent Bag Underwater Selfie Pouch For Swimming, Bike Driving and Phone - universal case- sports - outdoor - trip - Best Seller",310,No Brand,4.548148148148148
2026 Liquid Silicone Case For   S26 S25 Edge S24 FE S23 S22 S21 Ultra + TPU Soft Fabric Phone Back Shockproof Cover,1041,No Brand,4.75
Waterproof TPU Phone Case For ZTE Blade A73 4G/V50 Smart/V50 Design 4G/Axon50Lite Phone Pouch Soft case Dirt-resistant,534,No Brand,5.0
For Magsafe Magnetic Case For  S25 Edge S24 S23 S22 S21 S20 Plus Note 20 Ultra FE A16 A54 A26 A36 A56 A35 A55 Clear Cover,938,No Brand,5.0
Redmi 9A Shockproof Bumper Ultra Clear Slim Anti-Slip Grip Soft Flexible Back Cover,350,No Brand,4.551020408163265
HOCE Slide Camera Protector Holder Magnetic Phone Cases For iPhone 17 16 15 14 13 12 11 Pro Max 14 15 16 Plus MagSafe Case Armor 2 in 1 Shockproof Bumper Ring Folding Bracket Back Cover,1475,No Brand,4.878787878787879
Trend Simple English Icon Soft Silicon Case Compatible for iPhone Air 11 16 17 13 12 14 15 Pro Max XR X XS Max 7Plus 16 7 8 14 15 Plus SE 2020 Protective Smartphone Cover Accessory,786,Caseunicorn,4.25
HOCE Clear Magnetic Magsafe Phone Cases For iPhone 17 16 13 12 11 14 15 Pro Max X XR XS 8 14 15 16 Plus 16e Case Soft Bumper Shockproof Cover,1057,No Brand,4.528925619834711
Lini Perfect Magic Vivo Y12 Y15 Y17 Super Slim Comfort Grip Ultra Thin Back Cover Rubber Silicone TPU Case for Vivo Y12 Y15 Y17,199,No Brand,5.0
Classic Ethnic Style Patterns Leather Texture Phone Case For iPhone 16/15/14/13/12/11 Pro max 12 13 mini X XR XS max 6 6S 7 8 Plus Soft Shockproof Back Shell Fashion Creative Phone Cover with Full Cover Lens Camera Protection,1009,No Brand,4.833333333333333
Liquid Soft Silicone TPU Case For Samsung Galaxy S20 S21 S22 S23 Plus Note 20 Ultra S21 FE 5G Back Cover Cases,668,No Brand,3.75
Tokifu For Motorola Motorola Moto G10 G20 G30 New Angel Eye Staircase Silicone Protective Case Solid Color Series All Inclusive Anti Drop Soft Case,903,No Brand,5.0
Shopila Huawei Y9 2018 Super Slim Magic Rubber Silicone TPU Case for Huawei Y9 2018,432,No Brand,4.777777777777778
Sroof Casing For Realme GT 6T Couple Simple Shockproof phone case Four Corner Anti Fall Skin Friendly Shell Soft Phone Back Cover,863,No Brand,5.0
Luxury Plating Clear Silicone Phone Case For iPhone 15 14 Plus 13 12 11 Pro Max Mini Lens Protection Case Transparent Back Cover,844,No Brand,3.3333333333333335
CMG MagSafe Clear Case For iPhone 11 12 13 14 15 16 17 Pro Max SE2 7 8 Back Cover Wireless Charging Transparent Shockproof Protective Magnetic Phone Case For Girls Boys,671,No Brand,4.9
Popular David Phone Case for iPhone 16 15 14 13 Pro 12 11 Pro Xs X XR Max 8 7 SE Laser Hard TPU Cases Back Cover-H373P1,969,No Brand,4.830985915492958
Luxury Transparent Candy Phone Case For iPhone 16 Pro Max 11 12 13 14 15 Plus Clear Shockproof Bumper Back Cover Funda coque,1041,No Brand,4.222222222222222
Airplane Route Silicone Case For   S25 FE Edge S26 S24 S23 Ultra S22 Plus A57 A37 A17 A27 A15 A55 A56 A36 A26 Cover,980,No Brand,4.8307692307692305
Samsung Galaxy M01 & Samsung Galaxy M01 Core Genuine Leather Smartphone Pouch ,1390,No Brand,4.555555555555555
HOCE Matte Transparent Magnetic Phone Cases For iPhone 17 16 15 14 13 12 11 Pro Max 14 15 16 Plus MagSafe Case With Camera Protector Soft Shockproof Frame Hard PC Back Cover,1361,No Brand,5.0
Premium tempered glass Google Pixel 2 2 XL 3 3xl 3A 3A xl 4 4A 5 5A 5g 6 6A 7 7A 8 8A 9 9A Screen protector for Google Pixel Premium tempered glass screen protector,399,No Brand,3.90625
NOKIA C32 Soft matte rubber back cover for NOKIA C32,460,No Brand,4.8
Luxury Transparent Airbag Bumper Case For Samsung Galaxy A53 5G Crystal Transparent Premium Quality Shockproof Protective Phone Shell Samsung A53 5G Soft TPU Cover Case,299,No Brand,5.0
Luxury Transparent Airbag Bumper Case For OnePlus 9 Crystal Transparent Premium Quality Shockproof Protective Phone Shell OnePlus 9 Soft TPU Cover Case,299,No Brand,4.538461538461538
Shockproof Clear Case For Samsung Galaxy M32 4g Back Cover Transparent Silicone Case Soft Airbag Bumper Lens Protection Cute Design For Girls Boys New,681,No Brand,4.875
Xiaomi Redmi Note 10 pro Liquid Silicone Luxury Soft Matte Camera Protection Silicone Case Back Cover for Redmi Note 10 pro,550,No Brand,4.724137931034483
Luxury Transparent Google Pixel 3 3A 4 4A 5 5A 5g 6 6A 7 7A 7 Pro Back cover Case for Google Pixel,550,No Brand,4.539130434782609
Tokifu For Motorola Moto G24 New Angel Eye Staircase Silicone Protective Case Solid Color Series All Inclusive Anti Drop Soft Case,910,No Brand,5.0
Lini Perfect Huawei Y7A Super Slim Magic Rubber Silicone TPU Case for Huawei Y7a,199,No Brand,4.666666666666667
